Chr,Pos_hg38,Ref,Alt,RSID,Risk_Allele,Weight
9,133274084,T,C,rs529565,C,8.36178385315219
12,120994499,T,G,rs1169302,T,1.4493184052045
