Chr,Pos,Ref,Alt,RSID,Effect_Allele,Weight
1,45796261,A,G,rs7551025,A,1.05897449154299
2,148810827,C,T,rs4499362,C,1.20214580073032
2,233388510,T,C,rs838719,C,1.65890007058726
2,58694642,G,A,rs13417036,A,1.18845553001116
3,152664563,A,C,rs1850421,A,1.0407632959667
3,186943483,G,T,rs12494144,G,2.21150069431789
6,127095785,A,G,rs2800733,A,1.04440549728214
6,20682933,G,A,rs9350271,A,2.2011593661603
6,20743721,T,C,rs9358363,C,1.46659086596583
6,20926938,T,G,rs9465936,T,1.21580166598046
7,127580864,T,C,rs989100,C,0.947532312659824
7,157231816,A,G,rs1182444,G,1.46035575247526
7,44226585,C,T,rs35452727,T,1.25959114181733
8,117172544,C,T,rs13266634,C,1.24175705038725
8,36974792,G,A,rs56687477,A,1.11760420250299
8,38485494,T,C,rs328301,T,1.21832381259362
8,41648861,A,G,rs12549294,G,2.92003539595794
8,41661944,A,G,rs515071,G,1.13571219509328
9,136350937,G,A,rs78270318,A,1.13082004056711
9,22132879,T,C,rs10965248,T,1.4445767083959
9,81359621,A,G,rs10125947,A,1.15780696586224
10,112994329,T,C,rs7901695,C,1.14634451292131
10,12265895,C,T,rs11257655,T,1.49618088251067
10,92782853,G,A,rs7896332,G,1.23305976294232
10,97259387,C,T,rs3740522,C,1.18676481411811
11,17391413,A,G,rs7124355,A,1.13791609454109
11,35417556,G,T,rs1923293,G,1.1133954528047
11,92964815,C,T,rs10466351,T,2.69364990189508
12,108236003,G,A,rs1426371,G,1.60776816602254
13,32988367,T,C,rs7997912,C,1.67924628477302
13,91295793,G,A,rs9523295,G,0.920252193799057
15,62104190,A,G,rs7172432,A,1.90805714438906
15,89885662,A,C,rs10852123,A,1.33017201375341
15,90979023,G,A,rs8026714,A,1.02450165378977
17,67645535,C,T,rs2706710,T,0.977179999261815
19,45654658,G,A,rs7507912,G,1.01121814162339
19,45856295,A,G,rs12609371,G,0.953844507475111
20,44366172,T,C,rs12625671,C,0.963386102400816
