Chr,Pos,Ref,Alt,RSID,Effect_Allele,Weight
2,27508073,T,C,rs1260326,C,0.938834406752605
2,44961214,C,T,rs895636,T,1.98631732420755
2,60358671,T,C,rs243019,C,0.954279346393862
6,20682933,G,A,rs9350271,A,1.70867475612877
7,14858657,C,T,rs17168486,T,1.7427604052071
7,15024298,T,G,rs10950550,T,1.99450729695613
8,117172544,C,T,rs13266634,C,3.64925590051388
9,22132879,T,C,rs10965248,T,1.32250264059456
9,22137686,T,G,rs7018475,G,0.934217933381001
9,4292083,G,A,rs10758593,A,1.32408451085596
10,112994329,T,C,rs7901695,C,2.66742274538238
10,12265895,C,T,rs11257655,T,0.923058952262586
11,2836003,G,A,rs60808706,G,0.938558688818934
11,92964815,C,T,rs10466351,T,3.41810346728567
13,32988367,T,C,rs7997912,C,1.02831632190351
15,62104190,A,G,rs7172432,A,1.93563411356787
15,77454848,A,G,rs7178572,G,1.00567163395728
