Chr,Pos,Ref,Alt,RSID,Effect_Allele,Weight
2,164745671,A,G,rs3769891,A,0.972242711885497
3,187980545,T,C,rs13086331,T,1.13875980113942
3,23055584,C,T,rs861983,T,1.2694221182209
5,134528909,G,A,rs329122,A,1.37438593786571
5,56510924,A,G,rs459193,G,4.20300059160372
6,34246893,A,G,rs4711389,A,0.923917693997165
8,131867530,T,C,rs10505581,C,0.932698668823286
9,1032567,G,A,rs1016565,A,1.63852517573449
10,121169979,T,C,rs10886863,C,1.48873464298509
12,117963051,G,A,rs111246699,A,1.02260481232994
12,120994499,T,G,rs1169302,T,1.93277518295661
17,31315412,T,C,rs7502556,T,1.49419289027242
18,63178651,T,C,rs12454712,T,1.42356374304542
19,33396499,T,C,rs7250869,T,2.82777959216272
19,7293108,T,C,rs8101064,T,0.983107797973924
20,58890516,G,A,rs6123837,A,0.929247394504364
