Chr,Pos,Ref,Alt,RSID,Effect_Allele,Weight
1,39478577,T,C,rs61779313,C,1.8505544202947
1,50728312,A,G,rs12090545,A,1.70980451666358
2,164745671,A,G,rs3769891,A,2.82807773456512
3,185777532,G,A,rs13092876,A,1.55038216609814
6,126643364,A,G,rs4273712,G,1.34061525226534
6,34246893,A,G,rs4711389,A,1.43776952084951
7,93477781,A,C,rs2074120,A,0.957966020800177
10,121207656,G,A,rs10788149,G,1.26026948350704
10,92782853,G,A,rs7896332,G,0.964758195142507
12,71055741,G,T,rs7313668,T,1.02078514149782
16,81501185,T,C,rs2925979,T,3.63678616571073
18,63178651,T,C,rs12454712,T,1.92434210253456
19,33396499,T,C,rs7250869,T,1.12505423482159
19,45654658,G,A,rs7507912,G,1.16217682759086
19,7293108,T,C,rs8101064,T,1.39614440545665
