Chr,Pos,Ref,Alt,RSID,Effect_Allele,Weight
2,27508073,T,C,rs1260326,C,8.70714920205364
6,7231610,G,A,rs9379084,G,0.954621381002466
