Chr,Pos_hg38,Ref,Alt,RSID,Risk_Allele,Weight
1,177909798,G,A,rs532504,A,2.38687601806275
1,39478577,T,C,rs61779313,C,1.20426863670431
2,630662,A,C,rs6731688,C,2.41359285170887
4,45184122,G,A,rs10938398,A,2.3625225272987
5,75279159,A,G,rs2126736,A,1.26239274968625
5,96508059,C,T,rs261982,T,1.07415276743519
6,50819746,G,T,rs62405419,T,1.71330188212786
7,70231919,A,G,rs12698877,G,0.97916886732597
11,27678578,C,T,rs7103411,T,2.30465226379423
16,20243775,C,T,rs4238585,T,1.19815302452613
16,3597097,G,A,rs2240885,A,0.917582164874537
16,53767042,T,C,rs1421085,C,5.36461255586884
18,60185354,T,C,rs476828,C,3.02194014380283
