Chr,Pos_hg38,Ref,Alt,RSID,Risk_Allele,Weight
2,233388510,T,C,rs838719,C,1.36292318377145
2,44961214,C,T,rs895636,T,1.36471787570867
3,122246352,T,G,rs9859381,G,0.925934188534673
3,170953520,T,G,rs7642480,T,1.00385231931068
4,1260747,C,T,rs7656416,C,1.33469344718539
6,20682933,G,A,rs9350271,A,1.20245846308046
6,39078868,A,C,rs742762,A,1.09343062879404
7,15024298,T,G,rs10950550,T,1.10075181627983
8,74290985,A,G,rs185063984,G,1.03203544993695
9,22132879,T,C,rs10965248,T,1.09197796768426
11,17391413,A,G,rs7124355,A,0.911107861026035
11,2836003,G,A,rs60808706,G,2.00966819176367
13,22015744,A,G,rs9316706,A,0.903453718276932
15,75444946,T,C,rs7171507,T,1.3029635126487
15,77454848,A,G,rs7178572,G,0.91899776059859
17,37741595,A,C,rs8064454,A,1.12401219294317
20,51538847,T,C,rs6021276,T,0.976659512991192
