Chr,Pos_hg38,Ref,Alt,RSID,Risk_Allele,Weight
3,196083316,T,C,rs7619708,T,0.811268374976863
6,139515991,T,C,rs11155073,T,1.70122184458857
6,43834141,C,T,rs2894536,C,0.848664475361421
6,43843237,G,A,rs9369425,G,1.155447956349
7,100715101,A,G,rs534043,G,0.764667990679758
9,133269828,C,T,rs495203,T,5.324443416831
10,69340132,G,A,rs10159477,G,3.69108483702209
11,61798436,T,C,rs174541,T,2.17170144914074
12,48342520,C,A,rs2732480,C,1.41878190679511
16,29946895,G,A,rs8054556,A,0.74715798473066
