Chr,Pos,Ref,Alt,RSID,Effect_Allele,Weight
1,11239454,C,T,rs7544489,T,0.840788000437575
1,155299985,A,G,rs3020781,G,0.823621158224411
1,50972693,C,T,rs3176466,C,1.03655309336363
2,18540396,G,A,rs7558413,A,0.954927244263011
3,46948414,G,A,rs12491473,G,0.856540760181833
4,156731601,C,A,rs28819812,C,1.17684262294889
4,18023861,G,A,rs2011603,A,1.55586100743138
5,158599736,C,T,rs890940,T,0.838594967456831
5,53478680,G,A,rs62370480,A,1.74052293502224
5,53976834,G,A,rs4865796,A,1.08742124424837
5,56566067,G,A,rs9687846,A,2.09045528273711
6,43790159,C,A,rs998584,A,0.97430556694122
7,15886603,T,C,rs38221,T,0.735247066717914
7,40777054,C,T,rs17439448,T,0.83480231990919
7,4643627,G,A,rs62450857,A,0.911446672696138
8,26015118,A,G,rs17818197,G,0.736947611830721
9,94180777,G,A,rs10821311,A,0.80088704874938
10,122433665,T,G,rs2280141,T,0.940558954640188
10,68583018,C,T,rs10998304,C,0.835291215123657
11,17388025,T,C,rs5219,T,0.891800699436919
12,12718165,T,G,rs2066827,G,0.738867415588662
12,4275678,T,G,rs76895963,T,1.12801582156112
12,65965972,C,A,rs8756,A,1.53597273874399
15,40106553,T,C,rs484943,T,1.16059228847848
15,75522047,C,T,rs6495182,C,1.1139220422407
16,28906323,T,C,rs7188071,T,0.781186930213114
17,67853811,T,G,rs2046323,G,0.82708525898556
18,55383415,A,C,rs72926932,C,0.766823157775034
18,63178651,T,C,rs12454712,T,1.25235887701051
20,33720469,C,T,rs67611724,T,0.880527157857956
