Chr,Pos_hg38,Ref,Alt,RSID,Risk_Allele,Weight
1,117605762,G,A,rs41276588,A,0.748458007347135
1,213985913,T,C,rs340874,C,1.50768670293772
1,229537208,G,A,rs348330,G,0.761342766656576
2,27508073,T,C,rs1260326,C,0.785198311558966
2,43444037,C,T,rs13414140,C,1.32635211961424
3,123346931,A,G,rs11708067,A,2.19165673547182
3,125202613,C,T,rs9873519,T,0.790351147190566
3,141415727,C,T,rs73872717,C,0.892883540217284
3,171015287,G,A,rs9873618,G,2.0205957229683
3,185803160,A,G,rs9854769,G,0.918261576228066
3,188024054,A,G,rs6777684,G,1.01919813122508
4,184792454,G,A,rs72695645,G,0.821010028344514
4,6291188,A,G,rs10010131,G,0.743525812495279
5,77131486,G,A,rs6878122,G,1.14389148167193
6,20679478,A,G,rs7756992,G,1.28626568929162
6,7275708,T,C,rs11243150,T,0.928903505017285
7,14858657,C,T,rs17168486,T,1.57737700043141
7,15024684,G,T,rs2191349,T,2.31443791524668
7,28160478,C,T,rs1513272,C,0.796075848951056
7,44161285,T,C,rs2041547,C,1.79951127425708
7,44195138,C,T,rs2908286,T,3.96133647523467
7,44325950,C,T,rs116913033,C,0.790033277345729
8,117173494,A,G,rs11558471,A,2.6136452141312
8,144285362,T,C,rs7828303,T,0.830068773578635
8,94672919,A,C,rs11786992,A,0.813994537199422
9,22134095,T,C,rs10811661,T,1.38544207775808
9,22137686,T,G,rs7018475,G,1.06669271435742
9,4291928,A,C,rs10974438,C,1.37497690065346
10,111288563,C,T,rs10885123,C,1.28455257339798
10,112989975,G,A,rs35011184,A,2.62472848176576
10,112999686,G,A,rs11196187,A,0.793197108006303
10,113064714,G,A,rs10885410,G,0.757624060468176
10,113101545,A,G,rs10885414,A,0.756106327158006
10,12265895,C,T,rs11257655,T,0.963638260283328
10,69340132,G,A,rs10159477,G,1.24198869315766
11,2671019,C,T,rs231360,T,0.741101217668221
11,2835964,A,C,rs2237895,C,0.856599374358303
11,45834447,C,T,rs6485644,C,0.893196006972234
11,72721940,G,A,rs11603334,G,1.39565082078472
12,132493708,C,T,rs11614914,T,0.895318119515759
12,4275678,T,G,rs76895963,T,0.8896763935819
12,97454449,C,T,rs113036477,C,1.05579805257086
13,32980164,G,A,rs576674,G,1.18368599542561
15,62099409,C,T,rs7163757,C,0.814269257625806
15,77489993,A,G,rs12910361,G,0.964617012002076
20,58812207,A,G,rs911300,G,0.791727162282264
