Chr,Pos_hg38,Ref,Alt,RSID,Risk_Allele,Weight
2,233414615,A,G,rs838733,G,1.5238203831105
2,233660318,C,T,rs2602374,T,12.179891843664
