Chr,Pos,Ref,Alt,RSID,Effect_Allele,Weight
5,75660016,G,A,rs253412,A,0.783887678173866
11,61798436,T,C,rs174541,T,0.73969606852391
19,19268740,C,T,rs58542926,T,1.8861528421618
19,44854120,T,C,rs4803764,T,2.88351258749252
19,44908684,T,C,rs429358,T,7.76835350626357
