Chr,Pos_hg38,Ref,Alt,RSID,Risk_Allele,Weight
1,26958422,C,T,rs79598313,T,0.888015136432011
2,164672366,C,T,rs13389219,C,1.14063104078903
2,226236593,T,C,rs2972145,C,1.89015160924628
2,65049318,T,C,rs1009358,T,0.862733719467642
3,12252703,A,G,rs9826367,A,0.92830771830743
3,12288284,C,T,rs17036160,C,2.02911253590886
3,135906656,C,T,rs9852406,T,1.22995669281764
5,53976834,G,A,rs4865796,A,0.929463278915424
5,56503357,C,A,rs157843,A,1.51438235945776
5,68418419,A,G,rs4976033,G,0.927069934053808
7,130768623,A,G,rs1596972,G,0.998770029334821
8,10138879,A,G,rs34990153,A,0.789724773751201
8,19973410,C,T,rs10096633,C,1.47334889996029
8,8342448,G,A,rs62496027,A,0.749405889748518
8,9324101,G,A,rs2126263,G,1.17044882791933
9,1039939,G,A,rs756145,A,0.78001272191752
10,100152307,T,C,rs2862954,T,2.45036397686714
11,47870031,T,C,rs11604324,C,0.824748485040415
15,60646617,C,A,rs8033609,A,0.751884212448393
18,63178651,T,C,rs12454712,T,0.845392522961538
19,19268740,C,T,rs58542926,T,1.82222860052993
19,33444196,C,T,rs2287821,C,0.745393407987891
19,7903283,G,A,rs2115107,A,0.813833592469361
20,33720469,C,T,rs67611724,T,0.775716633669226
20,44413724,C,T,rs1800961,T,1.11008238172632
20,46966072,G,A,rs6066138,G,0.91985248758557
22,43928975,G,A,rs3747207,A,3.84592717411791
