Chr,Pos,Ref,Alt,RSID,Effect_Allele,Weight
1,39354638,C,T,rs61779275,T,0.745213024949263
2,27508073,T,C,rs1260326,C,7.41431942024394
6,126470949,A,G,rs11759026,G,0.782090004684815
8,115627247,T,C,rs2737226,T,0.746153081743436
8,9324101,G,A,rs2126263,G,2.39961390738293
11,61798436,T,C,rs174541,T,1.50296407059363
12,120979061,C,T,rs1800574,T,0.913991554177009
12,121017786,G,A,rs56158042,G,1.35618944275262
20,44413724,C,T,rs1800961,T,1.13321439663169
