Chr,Pos_hg38,Ref,Alt,RSID,Risk_Allele,Weight
1,117605762,G,A,rs41276588,A,1.20856189101032
1,6612669,A,C,rs11583755,C,1.05467736031182
1,72374091,C,A,rs2613503,A,0.817293538109438
2,157478828,G,A,rs7568172,G,0.77594787045051306
2,212971253,A,G,rs17354348,A,0.732103309684394
2,262553,T,C,rs7596678,T,1.011889366208
2,43202667,G,A,rs10174764,A,0.91526286448804
2,58706456,C,T,rs1861410,C,1.15013355887749
3,186947857,C,T,rs3887925,T,1.34817619568173
3,35626269,A,G,rs10490871,G,1.22625669641648
4,184792454,G,A,rs72695645,G,0.749231424200112
5,103250706,G,A,rs75432112,A,1.34673511603681
5,75660016,G,A,rs253412,A,0.785428511797446
6,20679478,A,G,rs7756992,G,1.05783101135753
6,20736006,C,A,rs9358361,A,0.979907797810997
6,43843237,G,A,rs9369425,G,1.43699979087686
7,157147880,A,G,rs7798816,A,1.04550740766286
8,10138879,A,G,rs34990153,A,0.779160010387261
8,41643342,C,T,rs59191643,T,1.9137822511338
8,41651058,C,A,rs13262861,C,0.752403657263152
9,133269828,C,T,rs495203,T,0.979071076171371
9,136355594,T,C,rs78503878,C,0.861585019257345
9,19080354,A,G,rs10963942,G,0.788975886826281
10,112989259,G,A,rs11196181,G,1.32323478820699
10,112989975,G,A,rs35011184,A,0.909537760703753
10,112999686,G,A,rs11196187,A,0.977230036516327
10,12265895,C,T,rs11257655,T,1.4133021037223
10,70888579,C,T,rs827237,T,0.762494267706961
10,75887349,G,A,rs7099048,A,0.999874939413022
10,92196795,T,G,rs7071943,G,0.990836509897838
10,92703125,C,T,rs1111875,C,1.34288155106174
10,97299888,C,A,rs10882891,C,0.768376635725208
11,17388025,T,C,rs5219,T,1.06653488409401
11,2835964,A,C,rs2237895,C,1.2430368002492
11,45834447,C,T,rs6485644,C,1.24648413352621
11,69234580,C,T,rs55974245,C,0.878253973987723
11,72721940,G,A,rs11603334,G,1.20194371183669
11,93280221,T,G,rs7943372,G,0.82025363003658
12,121017786,G,A,rs56158042,G,1.34790357076606
12,4275530,C,T,rs3217792,C,1.36302549295646
13,32980164,G,A,rs576674,G,1.3948446847927
13,50519978,T,G,rs9316500,T,1.01955253387866
13,91302938,G,A,rs9523299,G,0.734808662675904
14,76834520,C,T,rs2056857,C,0.821735190803588
15,89836982,C,A,rs8031576,C,0.978977844759263
16,53767042,T,C,rs1421085,C,0.7641299913021
17,42544897,C,T,rs684214,T,0.872152701713213
17,48982960,C,A,rs35895680,C,0.956498495420977
20,44366172,T,C,rs12625671,C,0.795998517724989
20,63691346,A,G,rs6011033,G,0.733908926452423
20,63839432,G,A,rs4809369,G,0.801811875421717
