Chr,Pos_hg38,Ref,Alt,RSID,Risk_Allele,Weight
1,26958422,C,T,rs79598313,T,1.76988798874768
6,160354985,C,A,rs543159,C,2.58672811443119
10,63545492,C,T,rs12263348,T,2.20027042335222
12,120979061,C,T,rs1800574,T,0.765632283390125
12,121017786,G,A,rs56158042,G,0.748315576819208
12,4275678,T,G,rs76895963,T,1.04077446531587
17,7646363,C,T,rs1641523,C,5.63473967075984
