Chr,Pos_hg38,Ref,Alt,RSID,Risk_Allele,Weight
2,144503607,A,C,rs2033159,C,0.807589704525295
2,226340889,A,G,rs12694695,A,1.05866105098753
3,12288284,C,T,rs17036160,C,0.969348804976055
3,171015287,G,A,rs9873618,G,0.830976371594637
4,152583143,C,T,rs6819331,C,0.821925217224353
5,134529762,A,G,rs329124,G,0.933352162688514
5,158599736,C,T,rs890940,T,0.76040754992184
5,56503357,C,A,rs157843,A,1.88634886045515
6,126470949,A,G,rs11759026,G,1.10123173241437
6,127093693,A,G,rs719727,A,1.13808379282431
6,160354985,C,A,rs543159,C,1.59514925179458
6,20736006,C,A,rs9358361,A,0.964379582992306
6,43843237,G,A,rs9369425,G,1.43338766867525
6,7084624,G,T,rs4959424,G,0.883157584356791
7,130768623,A,G,rs1596972,G,1.03325167441624
8,26031751,C,T,rs7834679,C,1.21208127201891
8,94919116,C,T,rs75912292,T,0.734691383702554
9,1039939,G,A,rs756145,A,0.851590615916217
11,1675619,C,T,rs2334499,T,0.80137380662311
11,28513351,G,A,rs4923543,A,0.924268516061603
11,72721940,G,A,rs11603334,G,1.77517413008634
12,4265207,A,G,rs11063069,G,0.776917146095885
13,80143021,G,A,rs1359790,G,0.806173341281547
15,62099409,C,T,rs7163757,C,0.766860570318094
17,37703678,G,A,rs2189301,G,0.890959695586082
17,578364,C,T,rs11870735,T,0.803746718455257
19,33401503,C,T,rs889138,C,1.78066725909926
19,33444196,C,T,rs2287821,C,0.845286039772586
