Chr,Pos_hg38,Ref,Alt,RSID,Risk_Allele,Weight
2,27508073,T,C,rs1260326,C,0.810841422500325
6,139515991,T,C,rs11155073,T,1.27808171314604
6,43846888,G,A,rs10456526,A,0.783560908019758
9,133274084,T,C,rs529565,C,7.5980383148254
11,61798436,T,C,rs174541,T,1.97989469578866
19,19268740,C,T,rs58542926,T,1.23063141179833
