Chr,Pos_hg38,Ref,Alt,RSID,Risk_Allele,Weight
1,117626841,G,A,rs2282456,A,0.93032919071777
1,213985913,T,C,rs340874,C,1.6762660744519
1,229537208,G,A,rs348330,G,0.851039929325742
3,123346931,A,G,rs11708067,A,2.46744557309717
3,125202613,C,T,rs9873519,T,0.917203516585986
3,141382997,A,C,rs56243018,A,0.937403954956027
3,160434511,C,A,rs13403,C,0.877194450937002
3,171007094,T,C,rs8192675,T,2.55532848821731
3,185816694,G,A,rs9859406,A,1.02159387010531
3,188024054,A,G,rs6777684,G,1.18297263294537
5,77139179,G,A,rs7732130,G,1.11690554030416
6,20686765,C,A,rs9368222,A,1.45549628524273
6,7231610,G,A,rs9379084,G,0.975638874942903
6,7275693,A,G,rs11243149,A,0.934005086925184
7,14858657,C,T,rs17168486,T,1.50947366516019
7,15024630,G,T,rs2191348,T,2.30492784565317
7,28154778,C,A,rs860262,C,1.01713840341402
7,44184122,G,A,rs730497,A,4.56659061893173
7,44322946,C,T,rs11772021,C,0.904170136644996
7,90174320,T,C,rs6956980,C,0.849658415498303
8,117172544,C,T,rs13266634,C,2.56574126174382
8,94672919,A,C,rs11786992,A,0.960998820377985
8,94955144,A,G,rs10808671,A,0.785767900374254
9,136353630,A,G,rs28642213,G,0.980326704726829
9,22134095,T,C,rs10811661,T,1.44895718662821
9,22137686,T,G,rs7018475,G,0.931188856932379
9,4290541,C,A,rs10116772,A,1.33235499392144
10,111279909,C,T,rs11195502,C,1.39063168449064
10,112989975,G,A,rs35011184,A,2.66073173372723
10,12265895,C,T,rs11257655,T,1.28382554339938
11,2836003,G,A,rs60808706,G,1.08302359948751
11,45837033,G,A,rs12419690,G,0.815094115612855
11,61798436,T,C,rs174541,T,0.879486392485044
11,72721940,G,A,rs11603334,G,1.51934651195302
12,132493708,C,T,rs11614914,T,0.92752312567208
12,48342520,C,A,rs2732480,C,0.859374774395466
13,32988367,T,C,rs7997912,C,1.17886278318088
15,77489993,A,G,rs12910361,G,1.033996056745
16,250389,T,C,rs55857387,T,0.838644792384136
18,55383415,A,C,rs72926932,C,0.889741746333478
