Chr,Pos,Ref,Alt,RSID,Effect_Allele,Weight
5,75581978,T,C,rs5744672,T,1.08710434354778
15,58384622,G,A,rs11858759,G,0.946624771314544
19,19268740,C,T,rs58542926,T,1.96176642040467
19,44854120,T,C,rs4803764,T,2.86428721519638
19,44908684,T,C,rs429358,T,7.71724647555388
