Chr,Pos_hg38,Ref,Alt,RSID,Risk_Allele,Weight
1,205075211,A,G,rs11240351,G,1.38958402750427
2,211410212,A,G,rs3828242,A,0.926494175774555
2,25412902,A,G,rs34845373,A,1.29579628911929
2,60357684,G,A,rs243021,A,1.11076642972781
3,36828739,A,G,rs11129735,A,1.12517756322701
3,49958085,T,C,rs6792892,C,1.76664185358465
3,88080986,C,T,rs73146095,C,1.32242042514351
4,44501486,G,A,rs34617913,A,0.948875110203746
4,51932458,T,C,rs1996617,C,1.17388003767607
5,134525973,C,T,rs329118,T,0.913841075351517
5,68418419,A,G,rs4976033,G,1.07548669590129
5,88401716,C,T,rs6870983,C,1.09002759214344
6,39048860,C,T,rs10305420,C,1.0232830052884
7,131889849,A,C,rs12667919,A,1.10651010188789
7,150840547,G,A,rs62492368,A,0.829251653337375
7,50510270,T,C,rs73121277,C,0.907315236654959
7,55734370,T,C,rs6972291,C,0.840283826446018
8,125618324,G,T,rs72724622,T,1.1973906210298
8,144301594,C,T,rs13268508,T,1.14805880248489
8,56583505,G,A,rs3887059,A,0.856144433795765
9,95033139,G,A,rs6479591,A,0.943154663623236
10,68622422,A,G,rs10998338,A,1.29665590452712
10,86357561,C,A,rs11201992,C,0.823809510571429
11,20930691,G,A,rs16907058,A,1.15171901943159
11,65558683,G,A,rs12789028,A,0.979598620500255
12,123943784,T,C,rs4930726,T,1.08154227375956
12,132060098,C,T,rs11830241,T,1.30895050959448
12,20438398,G,A,rs7134150,A,1.9221010387598
12,50489375,T,C,rs4519166,C,0.965545904776462
14,102909694,C,T,rs4906272,T,1.44933193891777
14,29257736,C,A,rs2333486,C,0.963458317119539
15,49501823,T,C,rs7169799,C,0.985610373873054
15,52790274,G,T,rs2440317,T,0.874242975234916
15,58384622,G,A,rs11858759,G,0.97286839395891
15,98733292,G,T,rs59646751,T,1.16109993287073
16,56437498,T,C,rs7189122,C,0.794036018387664
16,917241,A,G,rs12918782,G,0.880733714884338
17,31301531,C,A,rs2040792,C,1.32680097001544
17,77377118,T,C,rs312827,C,0.927961953624098
19,13065206,G,T,rs76567647,G,0.824970466633634
19,7903283,G,A,rs2115107,A,1.26973952886874
