Chr,Pos_hg38,Ref,Alt,RSID,Risk_Allele,Weight
1,11257875,T,C,rs7554251,C,1.12657196230347
1,172399170,A,G,rs7546252,A,1.6480616896423
1,205075211,A,G,rs11240351,G,0.829713414422773
1,219577375,G,T,rs4846567,G,2.24461761071688
1,50743476,T,C,rs79090772,T,0.87587766177136706
2,111496274,T,C,rs1345203,T,1.40731557289665
2,164651879,C,T,rs10184004,C,2.85459330697619
2,218303709,G,A,rs1877712,G,0.812724620542421
2,226241205,C,T,rs2943650,T,2.34046222220295
2,65434334,A,C,rs12185610,A,0.800130752673367
3,12288284,C,T,rs17036160,C,1.32664508848256
3,129301935,A,G,rs6765930,A,0.793869800817226
3,185816694,G,A,rs9859406,A,1.20220197510624
3,64717718,G,T,rs66815886,G,1.98375391538072
4,144692655,G,A,rs6812830,G,1.2017416879526
4,156731601,C,A,rs28819812,C,1.42558363265606
4,88791970,C,T,rs9991328,T,1.95389709474007
5,158602726,G,A,rs1650505,A,0.848002161817244
5,56564954,A,G,rs3936511,G,1.9015115805769
5,68418419,A,G,rs4976033,G,0.930751438979016
6,139515991,T,C,rs11155073,T,2.85825785444522
6,160349886,T,G,rs501470,T,0.975867970776777
6,163711969,C,T,rs4709746,C,1.1573485541831
6,34276355,T,C,rs115245297,C,2.07064637140282
6,43790159,C,A,rs998584,A,3.58426411434303
7,130748625,C,T,rs4731702,C,0.817693983117954
7,25931533,G,A,rs6951827,G,0.835501837852443
7,28154778,C,A,rs860262,C,0.905773237340398
8,125618324,G,T,rs72724622,T,0.804415283565313
8,19973410,C,T,rs10096633,C,1.24960854946381
8,71507263,T,G,rs10096191,G,1.07475948476029
11,64333304,A,G,rs1662185,A,1.41127179514205
12,123943784,T,C,rs4930726,T,3.14739730540445
12,20317265,A,G,rs11045171,A,1.08591356581262
12,26310241,G,A,rs11048457,G,2.19887439257176
12,65965972,C,A,rs8756,A,0.950683509338436
12,71126981,T,G,rs10879261,G,0.859815702817528
15,58384622,G,A,rs11858759,G,0.884350253265618
15,63579093,C,T,rs7178762,C,0.928750119188819
16,81500184,C,A,rs56823429,C,2.0551961455962
17,17804815,T,C,rs11654081,T,1.30611229962082
18,63178651,T,C,rs12454712,T,0.862867594267646
19,33405526,A,C,rs4805881,A,1.00166925096288
19,7293108,T,C,rs8101064,T,0.898086333992418
20,52417142,G,A,rs4809906,G,0.935518590529031
20,64060707,A,C,rs6090040,A,0.818319211773247
22,38204535,C,T,rs2267373,T,1.17890503451983
