Chr,Pos_hg38,Ref,Alt,RSID,Risk_Allele,Weight
2,120691632,C,T,rs62167015,C,0.797398616538251
2,164651879,C,T,rs10184004,C,1.29449369783007
2,226241205,C,T,rs2943650,T,2.13241645864393
2,65052280,A,G,rs2723065,A,1.08764223224661
3,12288284,C,T,rs17036160,C,2.22637661452041
3,136350630,G,T,rs667920,T,1.2460137382691
4,156731601,C,A,rs28819812,C,0.829824733359207
5,158602726,G,A,rs1650505,A,0.815428674289436
5,53976834,G,A,rs4865796,A,1.37888331795972
5,56511543,C,T,rs464605,T,1.94940914048045
5,56564954,A,G,rs3936511,G,0.960913815167076
5,68418419,A,G,rs4976033,G,1.11410145533654
6,163711969,C,T,rs4709746,C,0.946221868858236
7,130748625,C,T,rs4731702,C,1.04704307479767
8,10117074,A,G,rs60384372,A,0.839422035421327
8,19973410,C,T,rs10096633,C,1.12398176692462
8,37000965,A,G,rs13365225,G,0.860056466802468
9,1036552,C,T,rs7856320,T,0.863105213838364
9,134025582,G,A,rs379417,A,0.820532423562114
9,95516131,C,T,rs113154802,C,1.031773196178
10,100152437,C,T,rs1408579,C,1.83862303926759
12,65965972,C,A,rs8756,A,0.871596104642325
15,60646617,C,A,rs8033609,A,0.860433493797303
15,73681321,T,C,rs57909886,C,1.08695886258769
18,63178651,T,C,rs12454712,T,1.45357229233753
19,19268740,C,T,rs58542926,T,1.72865989211715
19,33405526,A,C,rs4805881,A,1.96702300087785
20,33710480,C,T,rs13042148,T,1.20194405879043
22,43928975,G,A,rs3747207,A,3.15066074218633
