Chr,Pos,Ref,Alt,RSID,Effect_Allele,Weight
2,27508073,T,C,rs1260326,C,7.65474930376802
6,126470949,A,G,rs11759026,G,0.879411210989312
11,61798436,T,C,rs174541,T,1.5345778005327
12,121017786,G,A,rs56158042,G,1.29916653195848
15,43557688,A,G,rs2470134,G,1.31302163060977
15,58384622,G,A,rs11858759,G,1.23315729718332
15,62099409,C,T,rs7163757,C,0.850792322763108
