Chr,Pos,Ref,Alt,RSID,Effect_Allele,Weight
1,117626841,G,A,rs2282456,A,0.781777368119471
4,152599323,C,T,rs6813195,C,0.972242142406481
5,134525973,C,T,rs329118,T,1.12383552565093
5,56511543,C,T,rs464605,T,0.860181484456669
6,126470949,A,G,rs11759026,G,0.785301222900212
6,127091583,G,A,rs12192275,G,1.01236936342738
6,160349886,T,G,rs501470,T,2.0120436508473
6,43846888,G,A,rs10456526,A,2.16139981815442
8,25607154,G,T,rs73221948,T,1.81084320190896
8,41651058,C,A,rs13262861,C,0.926474260567206
8,94672919,A,C,rs11786992,A,0.85945345793197
9,95033139,G,A,rs6479591,A,0.816311385231373
11,32459631,C,T,rs7927401,T,0.914822126342247
11,72721940,G,A,rs11603334,G,2.57463496862983
13,80141758,G,A,rs1215451,G,0.871278308670939
19,33405526,A,C,rs4805881,A,0.825142311008953
