Chr,Pos_hg38,Ref,Alt,RSID,Risk_Allele,Weight
3,136350630,G,T,rs667920,T,1.36652016101725
6,160349886,T,G,rs501470,T,2.13268926815861
17,7628647,T,C,rs858519,T,6.61457407629734
