VAR_ID_hg19,rsID,Risk_Allele,weight
2_27730940_T_C,rs1260326,C,0.8108414225003251
6_43814625_G_A,rs10456526,A,0.7835609080197584
6_139837128_T_C,rs11155073,T,1.2780817131460391
9_136149500_T_C,rs529565,C,7.5980383148253985
11_61565908_T_C,rs174541,T,1.9798946957886578
19_19379549_C_T,rs58542926,T,1.2306314117983317
