VAR_ID_hg19,rsID,Risk_Allele,weight
1_118169463_G_A,rs2282456,A,0.9303291907177703
1_214159256_T_C,rs340874,C,1.6762660744518993
1_229672955_G_A,rs348330,G,0.8510399293257425
3_123065778_A_G,rs11708067,A,2.467445573097172
3_124921457_C_T,rs9873519,T,0.9172035165859855
3_141101839_A_C,rs56243018,A,0.9374039549560268
3_160152299_C_A,rs13403,C,0.8771944509370024
3_170724883_T_C,rs8192675,T,2.555328488217315
3_185534482_G_A,rs9859406,A,1.02159387010531
3_187741842_A_G,rs6777684,G,1.1829726329453678
5_76435004_G_A,rs7732130,G,1.1169055403041606
6_7231843_G_A,rs9379084,G,0.9756388749429026
6_7275926_A_G,rs11243149,A,0.9340050869251841
6_20686996_C_A,rs9368222,A,1.4554962852427293
7_14898282_C_T,rs17168486,T,1.5094736651601912
7_15064255_G_T,rs2191348,T,2.304927845653174
7_28194397_C_A,rs860262,C,1.0171384034140174
7_44223721_G_A,rs730497,A,4.566590618931729
7_44362545_C_T,rs11772021,C,0.9041701366449955
7_89803634_T_C,rs6956980,C,0.8496584154983033
8_95685147_A_C,rs11786992,A,0.960998820377985
8_95967372_A_G,rs10808671,A,0.7857679003742545
8_118184783_C_T,rs13266634,C,2.5657412617438227
9_4290541_C_A,rs10116772,A,1.3323549939214372
9_22134094_T_C,rs10811661,T,1.4489571866282063
9_22137685_T_G,rs7018475,G,0.9311888569323793
9_139248082_A_G,rs28642213,G,0.9803267047268293
10_12307894_C_T,rs11257655,T,1.2838255433993762
10_113039667_C_T,rs11195502,C,1.390631684490641
10_114749734_G_A,rs35011184,A,2.6607317337272334
11_2857233_G_A,rs60808706,G,1.0830235994875133
11_45858584_G_A,rs12419690,G,0.8150941156128553
11_61565908_T_C,rs174541,T,0.8794863924850436
11_72432985_G_A,rs11603334,G,1.519346511953017
12_48736303_C_A,rs2732480,C,0.859374774395466
12_133070294_C_T,rs11614914,T,0.9275231256720802
13_33562505_T_C,rs7997912,C,1.1788627831808753
15_77782335_A_G,rs12910361,G,1.0339960567450044
16_300388_T_C,rs55857387,T,0.8386447923841363
18_53050646_A_C,rs72926932,C,0.889741746333478
