VAR_ID_hg19,rsID,Risk_Allele,weight
2_234304198_A_G,rs838722,G,1.2713114515839907
2_234668570_C_T,rs887829,T,14.35398375229008
