VAR_ID_hg19,rsID,Risk_Allele,weight
5_74877803_T_C,rs5744672,T,1.0871043435477825
15_58676821_G_A,rs11858759,G,0.9466247713145444
19_19379549_C_T,rs58542926,T,1.9617664204046732
19_45357377_T_C,rs4803764,T,2.8642872151963825
19_45411941_T_C,rs429358,T,7.717246475553877
