VAR_ID_hg19,rsID,Risk_Allele,weight
1_205044339_A_G,rs11240351,G,1.3895840275042706
2_25635771_A_G,rs34845373,A,1.2957962891192885
2_60584819_G_A,rs243021,A,1.1107664297278104
2_212274937_A_G,rs3828242,A,0.9264941757745553
3_36870230_A_G,rs11129735,A,1.125177563227012
3_49995518_T_C,rs6792892,C,1.7666418535846515
3_88130136_C_T,rs73146095,C,1.322420425143506
4_44503503_G_A,rs34617913,A,0.9488751102037463
4_52798624_T_C,rs1996617,C,1.1738800376760743
5_67714246_A_G,rs4976033,G,1.075486695901291
5_87697533_C_T,rs6870983,C,1.090027592143435
5_133861663_C_T,rs329118,T,0.9138410753515169
6_39016636_C_T,rs10305420,C,1.0232830052883979
7_50577968_T_C,rs73121277,C,0.9073152366549592
7_55802063_T_C,rs6972291,C,0.8402838264460178
7_131574608_A_C,rs12667919,A,1.106510101887893
7_150537635_G_A,rs62492368,A,0.8292516533373748
8_57496064_G_A,rs3887059,A,0.8561444337957647
8_126630568_G_T,rs72724622,T,1.1973906210297998
8_145525277_C_T,rs13268508,T,1.1480588024848892
9_97795421_G_A,rs6479591,A,0.9431546636232356
10_70382179_A_G,rs10998338,A,1.2966559045271215
10_88117318_C_A,rs11201992,C,0.8238095105714286
11_20952237_G_A,rs16907058,A,1.1517190194315872
11_65326154_G_A,rs12789028,A,0.9795986205002551
12_20591332_G_A,rs7134150,A,1.922101038759801
12_50883158_T_C,rs4519166,C,0.9655459047764621
12_124428331_T_C,rs4930726,T,1.0815422737595595
12_132544643_C_T,rs11830241,T,1.3089505095944773
14_29726942_C_A,rs2333486,C,0.9634583171195392
14_103376031_C_T,rs4906272,T,1.4493319389177746
15_49794020_T_C,rs7169799,C,0.9856103738730541
15_53082471_G_T,rs2440317,T,0.8742429752349159
15_58676821_G_A,rs11858759,G,0.9728683939589106
15_99276521_G_T,rs59646751,T,1.1610999328707334
16_967241_A_G,rs12918782,G,0.8807337148843376
16_56471410_T_C,rs7189122,C,0.7940360183876637
17_29628549_C_A,rs2040792,C,1.3268009700154402
17_75373200_T_C,rs312827,C,0.9279619536240977
19_7968168_G_A,rs2115107,A,1.2697395288687352
19_13176020_G_T,rs76567647,G,0.8249704666336345
