VAR_ID_hg19,rsID,Risk_Allele,weight
1_11317932_T_C,rs7554251,C,1.1265719623034731
1_51209148_T_C,rs79090772,T,0.8758776617713667
1_172368310_A_G,rs7546252,A,1.6480616896422966
1_205044339_A_G,rs11240351,G,0.8297134144227732
1_219750717_G_T,rs4846567,G,2.2446176107168783
2_65661468_A_C,rs12185610,A,0.8001307526733668
2_112253851_T_C,rs1345203,T,1.4073155728966527
2_165508389_C_T,rs10184004,C,2.8545933069761857
2_219168432_G_A,rs1877712,G,0.8127246205424214
2_227105921_C_T,rs2943650,T,2.3404622222029507
3_12329783_C_T,rs17036160,C,1.3266450884825631
3_64703394_G_T,rs66815886,G,1.98375391538072
3_129020778_A_G,rs6765930,A,0.7938698008172257
3_185534482_G_A,rs9859406,A,1.2022019751062398
4_89713121_C_T,rs9991328,T,1.953897094740073
4_145613807_G_A,rs6812830,G,1.2017416879526046
4_157652753_C_A,rs28819812,C,1.4255836326560563
5_55860781_A_G,rs3936511,G,1.9015115805768978
5_67714246_A_G,rs4976033,G,0.930751438979016
5_158029734_G_A,rs1650505,A,0.8480021618172435
6_34244132_T_C,rs115245297,C,2.0706463714028236
6_43757896_C_A,rs998584,A,3.5842641143430347
6_139837128_T_C,rs11155073,T,2.8582578544452235
6_160770918_T_G,rs501470,T,0.9758679707767769
6_164133001_C_T,rs4709746,C,1.1573485541830972
7_25971153_G_A,rs6951827,G,0.8355018378524431
7_28194397_C_A,rs860262,C,0.9057732373403976
7_130433384_C_T,rs4731702,C,0.8176939831179542
8_19830921_C_T,rs10096633,C,1.2496085494638085
8_72419498_T_G,rs10096191,G,1.074759484760286
8_126630568_G_T,rs72724622,T,0.8044152835653132
11_64100776_A_G,rs1662185,A,1.4112717951420526
12_20470199_A_G,rs11045171,A,1.0859135658126198
12_26463174_G_A,rs11048457,G,2.198874392571757
12_66359752_C_A,rs8756,A,0.9506835093384357
12_71520761_T_G,rs10879261,G,0.8598157028175283
12_124428331_T_C,rs4930726,T,3.147397305404447
15_58676821_G_A,rs11858759,G,0.8843502532656177
15_63871292_C_T,rs7178762,C,0.9287501191888193
16_81533789_C_A,rs56823429,C,2.055196145596201
17_17708129_T_C,rs11654081,T,1.3061122996208192
18_60845884_T_C,rs12454712,T,0.8628675942676464
19_7293119_T_C,rs8101064,T,0.8980863339924182
19_33896432_A_C,rs4805881,A,1.0016692509628817
20_51033681_G_A,rs4809906,G,0.9355185905290307
20_62692060_A_C,rs6090040,A,0.8183192117732471
22_38600542_C_T,rs2267373,T,1.1789050345198329
