VAR_ID_hg19,rsID,Risk_Allele,weight
2_27730940_T_C,rs1260326,C,7.654749303768025
6_126792095_A_G,rs11759026,G,0.879411210989312
11_61565908_T_C,rs174541,T,1.5345778005327038
12_121455589_G_A,rs56158042,G,1.2991665319584824
15_43849886_A_G,rs2470134,G,1.3130216306097695
15_58676821_G_A,rs11858759,G,1.2331572971833207
15_62391608_C_T,rs7163757,C,0.8507923227631081
