VAR_ID_hg19,rsID,Risk_Allele,weight
2_65279414_A_G,rs2723065,A,1.087642232246609
2_121449208_C_T,rs62167015,C,0.7973986165382514
2_165508389_C_T,rs10184004,C,1.2944936978300652
2_227105921_C_T,rs2943650,T,2.1324164586439314
3_12329783_C_T,rs17036160,C,2.226376614520408
3_136069472_G_T,rs667920,T,1.2460137382690954
4_157652753_C_A,rs28819812,C,0.8298247333592066
5_53272664_G_A,rs4865796,A,1.3788833179597206
5_55807370_C_T,rs464605,T,1.949409140480455
5_55860781_A_G,rs3936511,G,0.960913815167076
5_67714246_A_G,rs4976033,G,1.1141014553365407
5_158029734_G_A,rs1650505,A,0.8154286742894358
6_164133001_C_T,rs4709746,C,0.9462218688582359
7_130433384_C_T,rs4731702,C,1.0470430747976665
8_9974584_A_G,rs60384372,A,0.8394220354213274
8_19830921_C_T,rs10096633,C,1.123981766924621
8_36858483_A_G,rs13365225,G,0.8600564668024685
9_1036552_C_T,rs7856320,T,0.8631052138383644
9_98278413_C_T,rs113154802,C,1.031773196178001
9_136890704_G_A,rs379417,A,0.820532423562114
10_101912194_C_T,rs1408579,C,1.8386230392675889
12_66359752_C_A,rs8756,A,0.8715961046423251
15_60938816_C_A,rs8033609,A,0.8604334937973034
15_73973662_T_C,rs57909886,C,1.0869588625876854
18_60845884_T_C,rs12454712,T,1.4535722923375338
19_19379549_C_T,rs58542926,T,1.728659892117151
19_33896432_A_C,rs4805881,A,1.9670230008778524
20_32298286_C_T,rs13042148,T,1.2019440587904349
22_44324855_G_A,rs3747207,A,3.150660742186332
