VAR_ID_hg19,rsID,Risk_Allele,weight
1_118169463_G_A,rs2282456,A,0.7817773681194712
4_153520475_C_T,rs6813195,C,0.9722421424064812
5_55807370_C_T,rs464605,T,0.8601814844566692
5_133861663_C_T,rs329118,T,1.1238355256509291
6_43814625_G_A,rs10456526,A,2.161399818154417
6_126792095_A_G,rs11759026,G,0.7853012229002119
6_127412728_G_A,rs12192275,G,1.0123693634273834
6_160770918_T_G,rs501470,T,2.012043650847297
8_25464670_G_T,rs73221948,T,1.8108432019089644
8_41508577_C_A,rs13262861,C,0.9264742605672059
8_95685147_A_C,rs11786992,A,0.8594534579319698
9_97795421_G_A,rs6479591,A,0.8163113852313734
11_32481177_C_T,rs7927401,T,0.9148221263422471
11_72432985_G_A,rs11603334,G,2.5746349686298258
13_80715893_G_A,rs1215451,G,0.87127830867093925
19_33896432_A_C,rs4805881,A,0.8251423110089532
