VAR_ID_hg19,rsID,Risk_Allele,weight
3_136069472_G_T,rs667920,T,1.3665201610172513
6_160770918_T_G,rs501470,T,2.132689268158608
17_7531965_T_C,rs858519,T,6.614574076297342
