Chr,Pos,Ref,Alt,RSID,Effect_Allele,Weight
3,185796605,T,C,rs6444081,C,1.85709728620563
4,156902837,A,G,rs36029656,G,1.6925373099693
5,56558326,C,T,rs6867983,T,5.02054454459969
7,28156603,A,G,rs849134,A,1.36149359686958
