Chr,Pos_hg38,Ref,Alt,RSID,Risk_Allele,Weight
3,185796605,T,C,rs6444081,C,1.49929836175987
7,28156603,A,G,rs849134,A,1.71723423601776
10,112990398,C,T,rs11196182,C,1.81731405933532
10,112998590,C,T,rs7903146,T,5.4918602156638
10,12211598,G,A,rs12221133,A,1.32097143637614
11,2828300,A,C,rs2283228,A,1.12295327353213
