Chr,Pos,Ref,Alt,RSID,Effect_Allele,Weight
7,130765628,G,A,rs172306,A,4.53455920944434
10,121164303,C,T,rs7087606,C,1.77462714072911
