Chr,Pos_hg38,Ref,Alt,RSID,Risk_Allele,Weight
10,113315384,C,T,rs4918811,C,0.962879223117557
10,79182863,C,T,rs810517,C,0.95425477256916
13,97061795,T,C,rs7333342,C,0.974049344424921
16,53794154,C,T,rs17817964,T,6.34437002752861
