Chr,Pos,Ref,Alt,RSID,Effect_Allele,Weight
4,130073468,G,A,rs55653883,G,1.22345648743075
4,152146894,A,C,rs35752631,A,1.55505592177207
7,94409622,C,T,rs42518,C,1.13529799606247
9,28773206,A,C,rs824250,C,1.07511172465863
11,2821317,G,A,rs12294675,A,1.53046203465743
11,2828300,A,C,rs2283228,A,1.12914340155893
12,4226777,T,C,rs67904513,T,1.17350682402633
13,111640797,G,T,rs113507970,T,1.13530179286828
17,7042968,T,C,rs13342692,C,1.05499505510544
