Chr,Pos_hg38,Ref,Alt,RSID,Risk_Allele,Weight
3,197541732,C,T,rs9325395,T,1.14049703135893
5,31436933,C,T,rs493760,C,1.28649231683287
6,20686342,C,A,rs7766070,A,3.41321775882255
8,41651740,G,A,rs12549902,A,4.15965995628624
10,112992744,T,C,rs17747324,C,1.10483442041379
10,112998590,C,T,rs7903146,T,1.79073378748542
11,2175119,A,G,rs4930044,A,1.54513936560311
12,41574480,G,A,rs10880103,G,1.34707283985582
12,75039749,A,G,rs10879874,A,1.23803020813872
12,80592093,G,T,rs1528287,T,1.30853148600033
13,31135669,A,C,rs9538367,C,1.22973026426221
17,77902588,A,G,rs9899517,A,1.70309057170068
