Chr,Pos_hg38,Ref,Alt,RSID,Risk_Allele,Weight
3,123346931,A,G,rs11708067,A,2.85678418025812
3,185816694,G,A,rs9859406,A,1.09532761532444
6,20686342,C,A,rs7766070,A,1.65025246141402
7,15019701,T,C,rs12540947,T,1.08718444457625
7,15025271,T,G,rs4721401,G,1.51636423495046
7,157233358,A,G,rs1182443,G,0.982566657994938
7,28140937,T,C,rs864745,T,1.03509730159163
7,44145489,G,A,rs2908274,A,1.08604250980022
7,44184122,G,A,rs730497,A,3.28882703813248
10,112992744,T,C,rs17747324,C,3.34452390445164
10,112998590,C,T,rs7903146,T,3.88464226247631
10,113014674,A,C,rs36090025,C,3.00494927966238
11,2670270,G,A,rs231361,A,1.28057459942797
