Chr,Pos,Ref,Alt,RSID,Effect_Allele,Weight
2,159022630,C,T,rs60436412,T,0.937208121482674
3,185816694,G,A,rs9859406,A,1.4547676152557
3,190741327,A,G,rs6792341,G,1.70532156926971
6,39048860,C,T,rs10305420,C,1.18031610117673
7,28140937,T,C,rs864745,T,1.38053889749524
7,50819477,T,C,rs7781440,T,1.5370579485721
7,53139155,A,C,rs10259582,C,0.975441660585956
7,6694510,T,G,rs3801034,G,0.984780208023824
8,13987532,T,G,rs6991416,G,1.51623374674583
11,2190447,G,A,rs7396447,G,1.59235929925333
11,4671034,G,T,rs10836447,G,1.90220698103679
12,55216782,G,T,rs12314766,G,1.00404060576134
12,55662031,C,T,rs11614818,C,1.04278700039453
12,55786980,G,A,rs1681087,A,1.06354540778224
12,65788675,G,A,rs971779,A,1.15455466224296
12,80922459,A,G,rs7306751,G,0.951919927045835
13,68824414,T,C,rs60108948,T,1.39201366039072
17,30816009,C,T,rs112944916,T,1.41391360410219
