Chr,Pos,Ref,Alt,RSID,Effect_Allele,Weight
5,56511543,C,T,rs464605,T,5.61538480583823
7,6694510,T,G,rs3801034,G,1.35073259004649
12,65788675,G,A,rs971779,A,1.01288557808651
12,85437387,G,A,rs1533223,A,0.988679452869238
