Chr,Pos,Ref,Alt,RSID,Effect_Allele,Weight
6,42910968,C,T,rs112504542,T,1.30936561514991
7,28140937,T,C,rs864745,T,0.975796362368512
7,6694510,T,G,rs3801034,G,1.16998873599611
12,57574955,G,A,rs11172254,G,1.09360276744307
16,53777876,A,G,rs62033400,G,5.98919318612742
