Chr,Pos,Ref,Alt,RSID,Effect_Allele,Weight
6,43850987,T,C,rs9472141,C,4.12812379000962
7,15019701,T,C,rs12540947,T,1.24419174028044
7,15025271,T,G,rs4721401,G,1.26922197503576
7,56156535,G,T,rs34224159,G,1.00495716026767
11,120779344,T,C,rs2846098,C,0.946849140526209
12,85437387,G,A,rs1533223,A,0.923071432638415
